{
    "images": [
        {
            "ImageName": "segm_1.jpg",
            "Image": 216,
            "ImageShape": [
                1080,
                1920,
                3
            ],
            "NumberDetections": 1,
            "Classes": [
                {
                    "ClassName": "traffic light",
                    "Class": 10,
                    "Box": [
                        0.26021018624305725,
                        0.7575395107269287,
                        0.3427453935146332,
                        0.7809841632843018
                    ],
                    "Score": 0.9316961765289307
                }
            ]
        }
    ]
}
