{
    "images": [
        {
            "ImageName": "main_1.jpg",
            "Image": 216,
            "ImageShape": [
                1080,
                1920,
                3
            ],
            "NumberDetections": 5,
            "Classes": [
                {
                    "ClassName": "car",
                    "Class": 3,
                    "Box": [
                        0.5101228356361389,
                        0.01873856782913208,
                        0.5580437779426575,
                        0.10485812276601791
                    ],
                    "Score": 0.63764488697052
                },
                {
                    "ClassName": "car",
                    "Class": 3,
                    "Box": [
                        0.5127567052841187,
                        0.43683022260665894,
                        0.5310879945755005,
                        0.463775098323822
                    ],
                    "Score": 0.5540142059326172
                },
                {
                    "ClassName": "traffic light",
                    "Class": 10,
                    "Box": [
                        0.3765333592891693,
                        0.4683828353881836,
                        0.40724506974220276,
                        0.481575608253479
                    ],
                    "Score": 0.5002938508987427
                }
            ]
        }    
    ]
}
